{
	"type": "meshPhysicalBuilder",
	"nodes": {
		"globals1": {
			"type": "globals"
		},
		"output1": {
			"type": "output",
			"inputs": [
				null,
				null,
				{
					"index": 2,
					"inputName": "color",
					"node": "globals1",
					"output": "color"
				}
			]
		},
		"colorCorrect1": {
			"type": "colorCorrect"
		},
		"constant1": {
			"type": "constant",
			"maxInputsCount": 0,
			"connection_points": {
				"in": [],
				"out": [
					{
						"name": "val",
						"type": "float"
					}
				]
			}
		}
	},
	"persisted_config": {
		"material": {
			"metadata": {
				"version": 4.6,
				"type": "Material",
				"generator": "Material.toJSON"
			},
			"uuid": "/geo1/MAT/meshPhysicalBuilder1-main",
			"type": "MeshPhysicalMaterial",
			"color": 16777215,
			"roughness": 1,
			"metalness": 0,
			"sheen": 0,
			"sheenColor": 0,
			"sheenRoughness": 1,
			"emissive": 0,
			"specularIntensity": 1,
			"specularColor": 16777215,
			"clearcoat": 0,
			"clearcoatRoughness": 0,
			"iridescence": 0,
			"iridescenceIOR": 1.3,
			"iridescenceThicknessRange": [100, 400],
			"anisotropy": 0,
			"anisotropyRotation": 0,
			"envMapIntensity": 1,
			"reflectivity": 0.49999999999999983,
			"transmission": 0,
			"thickness": 0.01,
			"attenuationDistance": 100,
			"attenuationColor": 16777215,
			"blendColor": 0,
			"fog": false
		},
		"onBeforeCompileDataJSONWithoutShaders": {
			"paramConfigs": [],
			"timeDependent": false,
			"resolutionDependent": false,
			"raymarchingLightsWorldCoordsDependent": false
		},
		"customMaterials": {
			"customDepthMaterial": {
				"material": {
					"metadata": {
						"version": 4.6,
						"type": "Material",
						"generator": "Material.toJSON"
					},
					"uuid": "/geo1/MAT/meshPhysicalBuilder1-customDepthMaterial",
					"type": "MeshDepthMaterial",
					"name": "customDepthMaterial",
					"blendColor": 0,
					"depthPacking": 3201
				},
				"onBeforeCompileDataJSONWithoutShaders": {
					"paramConfigs": [],
					"timeDependent": false,
					"resolutionDependent": false,
					"raymarchingLightsWorldCoordsDependent": false
				}
			},
			"customDistanceMaterial": {
				"material": {
					"metadata": {
						"version": 4.6,
						"type": "Material",
						"generator": "Material.toJSON"
					},
					"uuid": "/geo1/MAT/meshPhysicalBuilder1-customDistanceMaterial",
					"type": "MeshDistanceMaterial",
					"name": "customDistanceMaterial",
					"blendColor": 0
				},
				"onBeforeCompileDataJSONWithoutShaders": {
					"paramConfigs": [],
					"timeDependent": false,
					"resolutionDependent": false,
					"raymarchingLightsWorldCoordsDependent": false
				}
			},
			"customDepthDOFMaterial": {
				"material": {
					"metadata": {
						"version": 4.6,
						"type": "Material",
						"generator": "Material.toJSON"
					},
					"uuid": "/geo1/MAT/meshPhysicalBuilder1-customDepthDOFMaterial",
					"type": "MeshDepthMaterial",
					"name": "customDepthDOFMaterial",
					"blendColor": 0,
					"depthPacking": 3200
				},
				"onBeforeCompileDataJSONWithoutShaders": {
					"paramConfigs": [],
					"timeDependent": false,
					"resolutionDependent": false,
					"raymarchingLightsWorldCoordsDependent": false
				}
			}
		}
	}
}
